ID,infection,diet,day,dailyfood
Blue035,mg,protein,-7,2.934166667
Blue035,mg,protein,-6,3.914166667
Blue035,mg,protein,-5,4.264166667
Blue035,mg,protein,-4,2.884166667
Blue035,mg,protein,-3,8.124166667
Blue035,mg,protein,-2,8.316666667
Blue035,mg,protein,-1,8.103333333
Blue035,mg,protein,1,4.313333333
Blue035,mg,protein,2,1.306666667
Blue035,mg,protein,3,0.263333333
Blue035,mg,protein,4,3.49
Blue035,mg,protein,5,3.686666667
Blue035,mg,protein,6,5.173333333
Blue035,mg,protein,7,3.41
Blue035,mg,protein,8,7.706666667
Blue035,mg,protein,9,5.59
Blue035,mg,protein,10,6.653333333
Blue035,mg,protein,11,1.66
Blue035,mg,protein,12,5.613333333
Blue035,mg,protein,13,5.886666667
Blue035,mg,protein,14,6.39
Blue035,mg,protein,15,5.143333333
Blue035,mg,protein,16,6.48
Blue035,mg,protein,17,6.393333333
Blue035,mg,protein,18,6.35
Blue035,mg,protein,19,6.393333333
Blue035,mg,protein,20,6.78
Blue035,mg,protein,21,6.413333333
Blue035,mg,protein,22,7.423333333
Blue035,mg,protein,23,6.903333333
Blue035,mg,protein,24,7.326666667
Blue035,mg,protein,25,6.04
Blue035,mg,protein,26,6.063333333
Blue035,mg,protein,27,6.6
Blue035,mg,protein,28,6.2
Blue042,mg,protein,-7,4.944166667
Blue042,mg,protein,-6,2.804166667
Blue042,mg,protein,-5,3.704166667
Blue042,mg,protein,-4,6.774166667
Blue042,mg,protein,-3,6.594166667
Blue042,mg,protein,-2,8.756666667
Blue042,mg,protein,-1,3.543333333
Blue042,mg,protein,1,4.333333333
Blue042,mg,protein,2,3.076666667
Blue042,mg,protein,3,0.533333333
Blue042,mg,protein,4,3.27
Blue042,mg,protein,5,4.576666667
Blue042,mg,protein,6,2.593333333
Blue042,mg,protein,7,3.63
Blue042,mg,protein,8,3.566666667
Blue042,mg,protein,9,6.38
Blue042,mg,protein,10,3.973333333
Blue042,mg,protein,11,2.62
Blue042,mg,protein,12,5.623333333
Blue042,mg,protein,13,6.516666667
Blue042,mg,protein,14,6.39
Blue042,mg,protein,15,5.503333333
Blue042,mg,protein,16,5.16
Blue042,mg,protein,17,5.543333333
Blue042,mg,protein,18,6.25
Blue042,mg,protein,19,5.053333333
Blue042,mg,protein,20,4.93
Blue042,mg,protein,21,7.063333333
Blue042,mg,protein,22,6.973333333
Blue042,mg,protein,23,6.553333333
Blue042,mg,protein,24,6.076666667
Blue042,mg,protein,25,6.58
Blue042,mg,protein,26,6.273333333
Blue042,mg,protein,27,6.79
Blue042,mg,protein,28,6.69
Blue045,mg,protein,-7,5.903333333
Blue045,mg,protein,-6,7.816666667
Blue045,mg,protein,-5,9.176666667
Blue045,mg,protein,-4,6.72
Blue045,mg,protein,-3,6.446666667
Blue045,mg,protein,-2,8.943333333
Blue045,mg,protein,-1,6.743333333
Blue045,mg,protein,1,6.273333333
Blue045,mg,protein,2,2.273333333
Blue045,mg,protein,3,7.15
Blue045,mg,protein,4,7.94
Blue045,mg,protein,5,6.813333333
Blue045,mg,protein,6,5.036666667
Blue045,mg,protein,7,6.146666667
Blue045,mg,protein,8,9.32
Blue045,mg,protein,9,7.823333333
Blue045,mg,protein,10,7.093333333
Blue045,mg,protein,11,7.573333333
Blue045,mg,protein,12,6.36
Blue045,mg,protein,13,7.346666667
Blue045,mg,protein,14,6.946666667
Blue045,mg,protein,15,5.736666667
Blue045,mg,protein,16,4.936666667
Blue045,mg,protein,17,5.523333333
Blue045,mg,protein,18,5.436666667
Blue045,mg,protein,19,8.12
Blue045,mg,protein,20,6.03
Blue045,mg,protein,21,7.023333333
Blue045,mg,protein,22,5.263333333
Blue045,mg,protein,23,6.166666667
Blue045,mg,protein,24,6.183333333
Blue045,mg,protein,25,5.856666667
Blue045,mg,protein,26,7.25
Blue045,mg,protein,27,6.2
Blue045,mg,protein,28,6.366666667
Blue037,mg,protein,-7,5.463333333
Blue037,mg,protein,-6,5.776666667
Blue037,mg,protein,-5,6.886666667
Blue037,mg,protein,-4,8.47
Blue037,mg,protein,-3,6.886666667
Blue037,mg,protein,-2,6.823333333
Blue037,mg,protein,-1,5.483333333
Blue037,mg,protein,1,4.353333333
Blue037,mg,protein,2,3.373333333
Blue037,mg,protein,3,4.47
Blue037,mg,protein,4,3.63
Blue037,mg,protein,5,2.223333333
Blue037,mg,protein,6,4.076666667
Blue037,mg,protein,7,2.626666667
Blue037,mg,protein,8,6.67
Blue037,mg,protein,9,5.243333333
Blue037,mg,protein,10,4.143333333
Blue037,mg,protein,11,5.183333333
Blue037,mg,protein,12,4.84
Blue037,mg,protein,13,6.176666667
Blue037,mg,protein,14,4.846666667
Blue037,mg,protein,15,4.856666667
Blue037,mg,protein,16,5.456666667
Blue037,mg,protein,17,3.163333333
Blue037,mg,protein,18,4.306666667
Blue037,mg,protein,19,5.76
Blue037,mg,protein,20,3.99
Blue037,mg,protein,21,6.233333333
Blue037,mg,protein,22,5.983333333
Blue037,mg,protein,23,5.886666667
Blue037,mg,protein,24,5.433333333
Blue037,mg,protein,25,4.826666667
Blue037,mg,protein,26,7.25
Blue037,mg,protein,27,4.11
Blue037,mg,protein,28,4.926666667
Blue032,mg,protein,-7,5.343333333
Blue032,mg,protein,-6,6.166666667
Blue032,mg,protein,-5,8.456666667
Blue032,mg,protein,-4,8.6
Blue032,mg,protein,-3,7.496666667
Blue032,mg,protein,-2,11.64333333
Blue032,mg,protein,-1,9.603333333
Blue032,mg,protein,1,8.143333333
Blue032,mg,protein,2,4.483333333
Blue032,mg,protein,3,5.71
Blue032,mg,protein,4,5.96
Blue032,mg,protein,5,4.513333333
Blue032,mg,protein,6,8.236666667
Blue032,mg,protein,7,5.926666667
Blue032,mg,protein,8,8.4
Blue032,mg,protein,9,9.683333333
Blue032,mg,protein,10,8.803333333
Blue032,mg,protein,11,8.093333333
Blue032,mg,protein,12,6.72
Blue032,mg,protein,13,7.976666667
Blue032,mg,protein,14,6.116666667
Blue032,mg,protein,15,7.026666667
Blue032,mg,protein,16,5.086666667
Blue032,mg,protein,17,4.083333333
Blue032,mg,protein,18,6.516666667
Blue032,mg,protein,19,7.35
Blue032,mg,protein,20,6.5
Blue032,mg,protein,21,6.163333333
Blue032,mg,protein,22,6.523333333
Blue032,mg,protein,23,5.506666667
Blue032,mg,protein,24,4.513333333
Blue032,mg,protein,25,5.746666667
Blue032,mg,protein,26,7.11
Blue032,mg,protein,27,7.63
Blue032,mg,protein,28,6.266666667
SEM1974,mg,protein,-7,4.766666667
SEM1974,mg,protein,-6,5.816666667
SEM1974,mg,protein,-5,3.596666667
SEM1974,mg,protein,-4,2.676666667
SEM1974,mg,protein,-3,5.983333333
SEM1974,mg,protein,-2,6.276666667
SEM1974,mg,protein,-1,9
SEM1974,mg,protein,1,1.443333333
SEM1974,mg,protein,2,-1.806666667
SEM1974,mg,protein,3,-2.143333333
SEM1974,mg,protein,4,-0.406666667
SEM1974,mg,protein,5,0.436666667
SEM1974,mg,protein,6,-1.48
SEM1974,mg,protein,7,-2.94
SEM1974,mg,protein,8,2.856666667
SEM1974,mg,protein,9,2.623333333
SEM1974,mg,protein,10,4.6
SEM1974,mg,protein,11,8.076666667
SEM1974,mg,protein,12,6.773333333
SEM1974,mg,protein,13,5.006666667
SEM1974,mg,protein,14,5.273333333
SEM1974,mg,protein,15,10.22
SEM1974,mg,protein,16,5.683333333
SEM1974,mg,protein,17,5.413333333
SEM1974,mg,protein,18,5.706666667
SEM1974,mg,protein,19,8.916666667
SEM1974,mg,protein,20,8.02
SEM1974,mg,protein,21,12.79
SEM1974,mg,protein,22,9.496666667
SEM1974,mg,protein,23,9.943333333
SEM1974,mg,protein,24,12.62
SEM1974,mg,protein,25,12.15666667
SEM1974,mg,protein,26,10.22333333
SEM1974,mg,protein,27,8.18
SEM1974,mg,protein,28,13.59
SEM191481,mg,protein,-7,12.70666667
SEM191481,mg,protein,-6,10.54333333
SEM191481,mg,protein,-5,10.99333333
SEM191481,mg,protein,-4,11.36
SEM191481,mg,protein,-3,10.95666667
SEM191481,mg,protein,-2,11.02666667
SEM191481,mg,protein,-1,8.06
SEM191481,mg,protein,1,8.876666667
SEM191481,mg,protein,2,7.15
SEM191481,mg,protein,3,5.966666667
SEM191481,mg,protein,4,5.436666667
SEM191481,mg,protein,5,7.123333333
SEM191481,mg,protein,6,8.063333333
SEM191481,mg,protein,7,7.143333333
SEM191481,mg,protein,8,9.433333333
SEM191481,mg,protein,9,9.773333333
SEM191481,mg,protein,10,9.036666667
SEM191481,mg,protein,11,12.63333333
SEM191481,mg,protein,12,13.28666667
SEM191481,mg,protein,13,10.23
SEM191481,mg,protein,14,10.48666667
SEM191481,mg,protein,15,8.13
SEM191481,mg,protein,16,9.06
SEM191481,mg,protein,17,9.216666667
SEM191481,mg,protein,18,9.77
SEM191481,mg,protein,19,9.646666667
SEM191481,mg,protein,20,11.32333333
SEM191481,mg,protein,21,12.13333333
SEM191481,mg,protein,22,8.35
SEM191481,mg,protein,23,10.71666667
SEM191481,mg,protein,24,9.22
SEM191481,mg,protein,25,10.16
SEM191481,mg,protein,26,10.02666667
SEM191481,mg,protein,27,11.66333333
SEM191481,mg,protein,28,12.57666667
106,mg,protein,-7,6.396666667
106,mg,protein,-6,6.916666667
106,mg,protein,-5,5.456666667
106,mg,protein,-4,5.756666667
106,mg,protein,-3,3.903333333
106,mg,protein,-2,5.446666667
106,mg,protein,-1,5.6
106,mg,protein,1,3.243333333
106,mg,protein,2,5.873333333
106,mg,protein,3,3.326666667
106,mg,protein,4,4.193333333
106,mg,protein,5,2.876666667
106,mg,protein,6,3
106,mg,protein,7,2.22
106,mg,protein,8,3.236666667
106,mg,protein,9,3.963333333
106,mg,protein,10,2.75
106,mg,protein,11,2.046666667
106,mg,protein,12,3.513333333
106,mg,protein,13,5.75
106,mg,protein,14,8.003333333
106,mg,protein,15,6.55
106,mg,protein,16,4.673333333
106,mg,protein,17,4.993333333
106,mg,protein,18,5.286666667
106,mg,protein,19,6.296666667
106,mg,protein,20,6.41
106,mg,protein,21,7.45
106,mg,protein,22,5.656666667
106,mg,protein,23,7.203333333
106,mg,protein,24,8.17
106,mg,protein,25,6.406666667
106,mg,protein,26,8.333333333
106,mg,protein,27,7.38
106,mg,protein,28,9.19
610,mg,protein,-7,15.79666667
610,mg,protein,-6,14.12333333
610,mg,protein,-5,13.48333333
610,mg,protein,-4,13.22
610,mg,protein,-3,13.30666667
610,mg,protein,-2,14.32666667
610,mg,protein,-1,14.51
610,mg,protein,1,8.506666667
610,mg,protein,2,2.2
610,mg,protein,3,2.136666667
610,mg,protein,4,6.046666667
610,mg,protein,5,7.463333333
610,mg,protein,6,9.203333333
610,mg,protein,7,10.37333333
610,mg,protein,8,12.77333333
610,mg,protein,9,13.46333333
610,mg,protein,10,12.60666667
610,mg,protein,11,15.35333333
610,mg,protein,12,16.09666667
610,mg,protein,13,15.54
610,mg,protein,14,13.49666667
610,mg,protein,15,14.97
610,mg,protein,16,14.12
610,mg,protein,17,14.23666667
610,mg,protein,18,15.12
610,mg,protein,19,15.02666667
610,mg,protein,20,14.83333333
610,mg,protein,21,14.59333333
610,mg,protein,22,14.71
610,mg,protein,23,14.80666667
610,mg,protein,24,14.47
610,mg,protein,25,14.16
610,mg,protein,26,14.85666667
610,mg,protein,27,15.22333333
610,mg,protein,28,15.44666667
SEM19107,mg,protein,-7,17.15666667
SEM19107,mg,protein,-6,15.06333333
SEM19107,mg,protein,-5,13.91333333
SEM19107,mg,protein,-4,14.18
SEM19107,mg,protein,-3,14.44666667
SEM19107,mg,protein,-2,13.71666667
SEM19107,mg,protein,-1,13.51
SEM19107,mg,protein,1,13.90666667
SEM19107,mg,protein,2,14.7
SEM19107,mg,protein,3,12.67666667
SEM19107,mg,protein,4,-0.933333333
SEM19107,mg,protein,5,7.233333333
SEM19107,mg,protein,6,6.903333333
SEM19107,mg,protein,7,7.733333333
SEM19107,mg,protein,8,9.453333333
SEM19107,mg,protein,9,10.12333333
SEM19107,mg,protein,10,13.28666667
SEM19107,mg,protein,11,13.70333333
SEM19107,mg,protein,12,16.12666667
SEM19107,mg,protein,13,16.03
SEM19107,mg,protein,14,14.99666667
SEM19107,mg,protein,15,14.79
SEM19107,mg,protein,16,14.15
SEM19107,mg,protein,17,14.59666667
SEM19107,mg,protein,18,15
SEM19107,mg,protein,19,15.59666667
SEM19107,mg,protein,20,17.11333333
SEM19107,mg,protein,21,15.66333333
SEM19107,mg,protein,22,14.62
SEM19107,mg,protein,23,15.39666667
SEM19107,mg,protein,24,15.02
SEM19107,mg,protein,25,14.99
SEM19107,mg,protein,26,15.71666667
SEM19107,mg,protein,27,14.81333333
SEM19107,mg,protein,28,15.88666667
Blue049,control,protein,-7,3.504166667
Blue049,control,protein,-6,4.494166667
Blue049,control,protein,-5,2.194166667
Blue049,control,protein,-4,8.344166667
Blue049,control,protein,-3,7.784166667
Blue049,control,protein,-2,6.746666667
Blue049,control,protein,-1,9.283333333
Blue049,control,protein,1,5.393333333
Blue049,control,protein,2,6.336666667
Blue049,control,protein,3,6.043333333
Blue049,control,protein,4,4.94
Blue049,control,protein,5,8.166666667
Blue049,control,protein,6,4.493333333
Blue049,control,protein,7,8.29
Blue049,control,protein,8,8.466666667
Blue049,control,protein,9,6.77
Blue049,control,protein,10,7.163333333
Blue049,control,protein,11,6.48
Blue049,control,protein,12,5.513333333
Blue049,control,protein,13,6.966666667
Blue049,control,protein,14,7.27
Blue049,control,protein,15,4.333333333
Blue049,control,protein,16,4.63
Blue049,control,protein,17,7.013333333
Blue049,control,protein,18,6.81
Blue049,control,protein,19,3.963333333
Blue049,control,protein,20,5.1
Blue049,control,protein,21,4.493333333
Blue049,control,protein,22,6.563333333
Blue049,control,protein,23,7.793333333
Blue049,control,protein,24,4.246666667
Blue049,control,protein,25,8.84
Blue049,control,protein,26,8.193333333
Blue049,control,protein,27,6.61
Blue049,control,protein,28,5.4
Orange24,control,protein,-7,3.844166667
Orange24,control,protein,-6,2.044166667
Orange24,control,protein,-5,2.204166667
Orange24,control,protein,-4,8.954166667
Orange24,control,protein,-3,8.294166667
Orange24,control,protein,-2,8.026666667
Orange24,control,protein,-1,12.69333333
Orange24,control,protein,1,9.043333333
Orange24,control,protein,2,8.366666667
Orange24,control,protein,3,8.003333333
Orange24,control,protein,4,7.81
Orange24,control,protein,5,7.926666667
Orange24,control,protein,6,7.443333333
Orange24,control,protein,7,8.59
Orange24,control,protein,8,7.446666667
Orange24,control,protein,9,6.34
Orange24,control,protein,10,5.163333333
Orange24,control,protein,11,5.5
Orange24,control,protein,12,7.473333333
Orange24,control,protein,13,6.616666667
Orange24,control,protein,14,5.82
Orange24,control,protein,15,5.023333333
Orange24,control,protein,16,6.02
Orange24,control,protein,17,5.903333333
Orange24,control,protein,18,5.74
Orange24,control,protein,19,3.413333333
Orange24,control,protein,20,4.34
Orange24,control,protein,21,4.633333333
Orange24,control,protein,22,5.743333333
Orange24,control,protein,23,7.523333333
Orange24,control,protein,24,3.516666667
Orange24,control,protein,25,6.17
Orange24,control,protein,26,4.513333333
Orange24,control,protein,27,5.28
Blue024,control,protein,-7,5.573333333
Blue024,control,protein,-6,7.216666667
Blue024,control,protein,-5,7.296666667
Blue024,control,protein,-4,9.04
Blue024,control,protein,-3,7.436666667
Blue024,control,protein,-2,8.363333333
Blue024,control,protein,-1,3.573333333
Blue024,control,protein,1,6.443333333
Blue024,control,protein,2,5.843333333
Blue024,control,protein,3,6.8
Blue024,control,protein,4,8.19
Blue024,control,protein,5,4.823333333
Blue024,control,protein,6,4.686666667
Blue024,control,protein,7,1.316666667
Blue024,control,protein,8,5.5
Blue024,control,protein,9,6.873333333
Blue024,control,protein,10,6.233333333
Blue024,control,protein,11,5.393333333
Blue024,control,protein,12,5.53
Blue024,control,protein,13,5.156666667
Blue024,control,protein,14,4.916666667
Blue024,control,protein,15,5.396666667
Blue024,control,protein,16,3.906666667
Blue024,control,protein,17,4.973333333
Blue024,control,protein,18,4.986666667
Blue024,control,protein,19,6.04
Blue024,control,protein,20,5.56
Blue024,control,protein,21,3.513333333
Blue024,control,protein,22,5.303333333
Blue024,control,protein,23,3.886666667
Blue024,control,protein,24,3.433333333
Blue024,control,protein,25,4.796666667
Blue024,control,protein,26,6.41
Blue024,control,protein,27,5.98
Blue024,control,protein,28,7.086666667
Blue013,control,protein,-7,9.383333333
Blue013,control,protein,-6,9.053333333
Blue013,control,protein,-5,8.813333333
Blue013,control,protein,-4,11.24
Blue013,control,protein,-3,11.85
Blue013,control,protein,-2,7.053333333
Blue013,control,protein,-1,8.996666667
Blue013,control,protein,1,7.46
Blue013,control,protein,2,7.483333333
Blue013,control,protein,3,8.033333333
Blue013,control,protein,4,7.983333333
Blue013,control,protein,5,8.15
Blue013,control,protein,6,6.896666667
Blue013,control,protein,7,8.496666667
Blue013,control,protein,8,7.036666667
Blue013,control,protein,9,8.716666667
Blue013,control,protein,10,8.063333333
Blue013,control,protein,11,6.356666667
Blue013,control,protein,12,10.83
Blue013,control,protein,13,10.63
Blue013,control,protein,14,9.483333333
Blue013,control,protein,15,8.443333333
Blue013,control,protein,16,9.756666667
Blue013,control,protein,17,10.72333333
Blue013,control,protein,18,11.14666667
Blue013,control,protein,19,13.4
Blue013,control,protein,20,13.12
Blue013,control,protein,21,9.426666667
Blue013,control,protein,22,12.19333333
Blue013,control,protein,23,11.6
Blue013,control,protein,24,12.69666667
Blue013,control,protein,25,13.20333333
Blue013,control,protein,26,11.66666667
Blue013,control,protein,27,11.53333333
Blue013,control,protein,28,12.89
601,control,protein,-7,4.636666667
601,control,protein,-6,4.766666667
601,control,protein,-5,1.776666667
601,control,protein,-4,4.126666667
601,control,protein,-3,4.933333333
601,control,protein,-2,3.986666667
601,control,protein,-1,4.55
601,control,protein,1,2.943333333
601,control,protein,2,2.833333333
601,control,protein,3,3.066666667
601,control,protein,4,4.763333333
601,control,protein,5,5.266666667
601,control,protein,6,5.18
601,control,protein,7,4.44
601,control,protein,8,4.416666667
601,control,protein,9,4.523333333
601,control,protein,10,4.23
601,control,protein,11,5.046666667
601,control,protein,12,4.993333333
601,control,protein,13,4.016666667
601,control,protein,14,8.003333333
601,control,protein,15,6.55
601,control,protein,16,4.673333333
601,control,protein,17,4.993333333
601,control,protein,18,5.286666667
601,control,protein,19,6.296666667
601,control,protein,20,6.41
601,control,protein,21,7.45
601,control,protein,22,5.656666667
601,control,protein,23,7.203333333
601,control,protein,24,8.17
601,control,protein,25,6.406666667
601,control,protein,26,8.333333333
601,control,protein,27,7.38
601,control,protein,28,9.19
SEM191354,control,protein,-7,5.896666667
SEM191354,control,protein,-6,6.166666667
SEM191354,control,protein,-5,3.266666667
SEM191354,control,protein,-4,0.766666667
SEM191354,control,protein,-3,5.703333333
SEM191354,control,protein,-2,5.576666667
SEM191354,control,protein,-1,7.12
SEM191354,control,protein,1,3.783333333
SEM191354,control,protein,2,4.563333333
SEM191354,control,protein,3,4.936666667
SEM191354,control,protein,4,4.713333333
SEM191354,control,protein,5,5.546666667
SEM191354,control,protein,6,4.29
SEM191354,control,protein,7,3.26
SEM191354,control,protein,8,5.236666667
SEM191354,control,protein,9,3.573333333
SEM191354,control,protein,10,4.28
SEM191354,control,protein,11,4.346666667
SEM191354,control,protein,12,4.393333333
SEM191354,control,protein,13,3.906666667
SEM191354,control,protein,14,6.483333333
SEM191354,control,protein,15,6.2
SEM191354,control,protein,16,3.943333333
SEM191354,control,protein,17,4.783333333
SEM191354,control,protein,18,4.206666667
SEM191354,control,protein,19,5.196666667
SEM191354,control,protein,20,6.34
SEM191354,control,protein,21,6.13
SEM191354,control,protein,22,3.136666667
SEM191354,control,protein,23,4.513333333
SEM191354,control,protein,24,9.29
SEM191354,control,protein,25,5.936666667
SEM191354,control,protein,26,7.603333333
SEM191354,control,protein,27,6.54
SEM191354,control,protein,28,8.11
172,control,protein,-7,7.606666667
172,control,protein,-6,8.826666667
172,control,protein,-5,8.116666667
172,control,protein,-4,7.806666667
172,control,protein,-3,8.563333333
172,control,protein,-2,7.926666667
172,control,protein,-1,7.98
172,control,protein,1,6.813333333
172,control,protein,2,6.313333333
172,control,protein,3,5.446666667
172,control,protein,4,6.963333333
172,control,protein,5,9.356666667
172,control,protein,6,7
172,control,protein,7,8.19
172,control,protein,8,6.416666667
172,control,protein,9,7.643333333
172,control,protein,10,5.92
172,control,protein,11,7.246666667
172,control,protein,12,5.993333333
172,control,protein,13,5.066666667
172,control,protein,14,8.793333333
172,control,protein,15,8.9
172,control,protein,16,9.213333333
172,control,protein,17,7.143333333
172,control,protein,18,6.916666667
172,control,protein,19,7.706666667
172,control,protein,20,7.57
172,control,protein,21,6.37
172,control,protein,22,4.366666667
172,control,protein,23,6.303333333
172,control,protein,24,7.09
172,control,protein,25,9.986666667
172,control,protein,26,7.413333333
172,control,protein,27,7.68
172,control,protein,28,6.53
617,control,protein,-7,4.886666667
617,control,protein,-6,5.496666667
617,control,protein,-5,5.816666667
617,control,protein,-4,4.216666667
617,control,protein,-3,6.133333333
617,control,protein,-2,5.896666667
617,control,protein,-1,6.64
617,control,protein,1,3.423333333
617,control,protein,2,2.973333333
617,control,protein,3,5.376666667
617,control,protein,4,5.083333333
617,control,protein,5,5.736666667
617,control,protein,6,4.84
617,control,protein,7,4.5
617,control,protein,8,4.316666667
617,control,protein,9,4.743333333
617,control,protein,10,3.18
617,control,protein,11,3.616666667
617,control,protein,12,2.703333333
617,control,protein,13,3.006666667
617,control,protein,14,6.473333333
617,control,protein,15,6.36
617,control,protein,16,4.223333333
617,control,protein,17,5.153333333
617,control,protein,18,3.776666667
617,control,protein,19,4.886666667
617,control,protein,20,4.89
617,control,protein,21,5.37
617,control,protein,22,3.326666667
617,control,protein,23,4.153333333
617,control,protein,24,6.01
617,control,protein,25,6.826666667
617,control,protein,26,6.033333333
617,control,protein,27,5.6
617,control,protein,28,5.75
615,control,protein,-7,16.84666667
615,control,protein,-6,16.66333333
615,control,protein,-5,15.11333333
615,control,protein,-4,15.09
615,control,protein,-3,14.88666667
615,control,protein,-2,15.49666667
615,control,protein,-1,15.21
615,control,protein,1,14.53666667
615,control,protein,2,15.27
615,control,protein,3,14.92666667
615,control,protein,4,17.35666667
615,control,protein,5,16.10333333
615,control,protein,6,16.38333333
615,control,protein,7,15.09333333
615,control,protein,8,15.52333333
615,control,protein,9,14.21333333
615,control,protein,10,16.20666667
615,control,protein,11,15.33533333
615,control,protein,12,15.43666667
615,control,protein,13,16.01
615,control,protein,14,14.34666667
615,control,protein,15,15.04
615,control,protein,16,14.82
615,control,protein,17,14.65666667
615,control,protein,18,15.46
615,control,protein,19,15.60666667
615,control,protein,20,15.16333333
615,control,protein,21,15.00333333
615,control,protein,22,15.2
615,control,protein,23,14.36666667
615,control,protein,24,15.05
615,control,protein,25,14.44
615,control,protein,26,14.00666667
615,control,protein,27,15.32333333
615,control,protein,28,14.34666667
164,control,protein,-7,8.396666667
164,control,protein,-6,9.443333333
164,control,protein,-5,8.783333333
164,control,protein,-4,7.82
164,control,protein,-3,8.216666667
164,control,protein,-2,7.786666667
164,control,protein,-1,8.5
164,control,protein,1,6.916666667
164,control,protein,2,5.64
164,control,protein,3,6.346666667
164,control,protein,4,7.286666667
164,control,protein,5,8.013333333
164,control,protein,6,7.643333333
164,control,protein,7,7.513333333
164,control,protein,8,7.143333333
164,control,protein,9,7.343333333
164,control,protein,10,6.996666667
164,control,protein,11,9.243333333
164,control,protein,12,9.866666667
164,control,protein,13,10.17
164,control,protein,14,7.446666667
164,control,protein,15,8.69
164,control,protein,16,6.01
164,control,protein,17,7.986666667
164,control,protein,18,8.48
164,control,protein,19,9.036666667
164,control,protein,20,9.073333333
164,control,protein,21,7.783333333
164,control,protein,22,8.6
164,control,protein,23,8.396666667
164,control,protein,24,8.61
164,control,protein,25,8.18
164,control,protein,26,8.826666667
164,control,protein,27,9.203333333
164,control,protein,28,8.056666667
Blue093,mg,lipid,-7,0.93212963
Blue093,mg,lipid,-6,1.14212963
Blue093,mg,lipid,-5,0.50212963
Blue093,mg,lipid,-4,4.31212963
Blue093,mg,lipid,-3,5.87212963
Blue093,mg,lipid,-2,4.33
Blue093,mg,lipid,-1,7.606666667
Blue043,mg,lipid,-7,-0.76787037
Blue043,mg,lipid,-6,-0.52787037
Blue043,mg,lipid,-5,-1.86787037
Blue043,mg,lipid,-4,3.45212963
Blue043,mg,lipid,-3,2.79212963
Blue043,mg,lipid,-2,4.35
Blue043,mg,lipid,-1,5.436666667
Blue043,mg,lipid,1,2.536666667
Blue043,mg,lipid,2,1.176666667
Blue043,mg,lipid,3,-0.846666667
Blue043,mg,lipid,4,3.53
Blue043,mg,lipid,5,7.12
Blue043,mg,lipid,6,3.236666667
Blue043,mg,lipid,7,9.76
Blue043,mg,lipid,8,7.146666667
Blue043,mg,lipid,9,4.79
Blue043,mg,lipid,10,4.1
Blue043,mg,lipid,11,4.28
Blue043,mg,lipid,12,-2.71
Blue043,mg,lipid,13,2.643333333
Blue043,mg,lipid,14,3.513333333
Blue043,mg,lipid,15,5.1
Blue043,mg,lipid,16,3.12
Blue043,mg,lipid,17,3.003333333
Blue043,mg,lipid,18,2.156666667
Blue043,mg,lipid,19,3.96
Blue043,mg,lipid,20,5.346666667
Blue043,mg,lipid,21,4.463333333
Blue043,mg,lipid,22,4.146666667
Blue043,mg,lipid,23,5.42
Blue043,mg,lipid,24,5.29
Blue043,mg,lipid,25,3.356666667
Blue043,mg,lipid,26,5.42
Blue043,mg,lipid,27,4.486666667
Blue043,mg,lipid,28,5.606666667
161LS,mg,lipid,-7,0.15212963
161LS,mg,lipid,-6,0.36212963
161LS,mg,lipid,-5,2.36212963
161LS,mg,lipid,-4,6.03212963
161LS,mg,lipid,-3,4.80212963
161LS,mg,lipid,-2,7.01
161LS,mg,lipid,-1,9.416666667
101LS,mg,lipid,-7,2.48
101LS,mg,lipid,-6,3.313333333
101LS,mg,lipid,-5,4.936666667
101LS,mg,lipid,-4,2.85
101LS,mg,lipid,-3,2.83
101LS,mg,lipid,-2,6.103333333
101LS,mg,lipid,-1,3.853333333
101LS,mg,lipid,1,1.806666667
101LS,mg,lipid,2,0.11
101LS,mg,lipid,3,2.236666667
101LS,mg,lipid,4,3.566666667
101LS,mg,lipid,5,3.43
101LS,mg,lipid,6,2.316666667
101LS,mg,lipid,7,3.683333333
101LS,mg,lipid,8,4.723333333
101LS,mg,lipid,9,3.846666667
101LS,mg,lipid,10,6.446666667
101LS,mg,lipid,11,3.403333333
101LS,mg,lipid,12,3.973333333
101LS,mg,lipid,13,6.55
101LS,mg,lipid,14,6.203333333
101LS,mg,lipid,15,7.57
101LS,mg,lipid,16,4.863333333
101LS,mg,lipid,17,4.96
101LS,mg,lipid,18,4.616666667
101LS,mg,lipid,19,7.733333333
101LS,mg,lipid,20,3.296666667
101LS,mg,lipid,21,4.016666667
101LS,mg,lipid,22,2.063333333
101LS,mg,lipid,23,2.153333333
101LS,mg,lipid,24,2.626666667
101LS,mg,lipid,25,5.57
101LS,mg,lipid,26,4.473333333
101LS,mg,lipid,27,3.596666667
101LS,mg,lipid,28,4.45
Blue015,mg,lipid,-1,4.25
Blue015,mg,lipid,-7,6.643333333
Blue015,mg,lipid,-6,4.406666667
Blue015,mg,lipid,-5,4.72
Blue015,mg,lipid,-4,3.61
Blue015,mg,lipid,-3,6.263333333
Blue015,mg,lipid,-2,4.503333333
Blue015,mg,lipid,-1,2.836666667
Blue015,mg,lipid,1,0.92
Blue015,mg,lipid,2,3.656666667
Blue015,mg,lipid,3,3.186666667
Blue015,mg,lipid,4,4.53
Blue015,mg,lipid,5,2.746666667
Blue015,mg,lipid,6,5.993333333
Blue015,mg,lipid,7,5.133333333
Blue015,mg,lipid,8,7.256666667
Blue015,mg,lipid,9,5.046666667
Blue015,mg,lipid,10,4.703333333
Blue015,mg,lipid,11,5.383333333
Blue015,mg,lipid,12,5.01
Blue015,mg,lipid,13,5.913333333
Blue015,mg,lipid,14,2.89
Blue015,mg,lipid,15,4.673333333
Blue015,mg,lipid,16,4.15
Blue015,mg,lipid,17,3.356666667
Blue015,mg,lipid,18,4.993333333
Blue015,mg,lipid,19,2.456666667
Blue015,mg,lipid,20,2.566666667
Blue015,mg,lipid,21,3.933333333
Blue015,mg,lipid,22,2.253333333
Blue015,mg,lipid,23,1.196666667
Blue015,mg,lipid,24,3.07
Blue015,mg,lipid,25,5.563333333
Blue015,mg,lipid,26,3.296666667
Blue015,mg,lipid,27,3.55
619,mg,lipid,-7,5.48
619,mg,lipid,-6,6.353333333
619,mg,lipid,-5,3.64
619,mg,lipid,-4,4.743333333
619,mg,lipid,-3,5.18
619,mg,lipid,-2,3.696666667
619,mg,lipid,-1,3.963333333
619,mg,lipid,1,1.596666667
619,mg,lipid,2,0.053333333
619,mg,lipid,3,0.083333333
619,mg,lipid,4,2.196666667
619,mg,lipid,5,3.48
619,mg,lipid,6,4.883333333
619,mg,lipid,7,3.656666667
619,mg,lipid,8,4.26
619,mg,lipid,9,3.146666667
619,mg,lipid,10,3.296666667
619,mg,lipid,11,3.236666667
619,mg,lipid,12,4.57
619,mg,lipid,13,3.793333333
619,mg,lipid,14,6.386666667
619,mg,lipid,15,3.443333333
619,mg,lipid,16,2.376666667
619,mg,lipid,17,4.113333333
619,mg,lipid,18,5.27
619,mg,lipid,19,2.276666667
619,mg,lipid,20,3.626666667
619,mg,lipid,21,4.133333333
619,mg,lipid,22,2.683333333
619,mg,lipid,23,2.04
619,mg,lipid,24,2.99
619,mg,lipid,25,7.816666667
619,mg,lipid,26,5.696666667
619,mg,lipid,27,9.033333333
619,mg,lipid,28,6.063333333
SEM1976,mg,lipid,-7,8.216666667
SEM1976,mg,lipid,-6,9.266666667
SEM1976,mg,lipid,-5,9.563333333
SEM1976,mg,lipid,-4,11.52333333
SEM1976,mg,lipid,-3,13.02333333
SEM1976,mg,lipid,-2,10.07333333
SEM1976,mg,lipid,-1,11.31666667
SEM1976,mg,lipid,1,12.19333333
SEM1976,mg,lipid,2,11.74
SEM1976,mg,lipid,3,9.826666667
SEM1976,mg,lipid,4,7.83
SEM1976,mg,lipid,5,6.806666667
SEM1976,mg,lipid,6,6.043333333
SEM1976,mg,lipid,7,6.74
SEM1976,mg,lipid,8,7.533333333
SEM1976,mg,lipid,9,7.663333333
SEM1976,mg,lipid,10,9.673333333
SEM1976,mg,lipid,11,6.196666667
SEM1976,mg,lipid,12,7.19
SEM1976,mg,lipid,13,7.276666667
SEM1976,mg,lipid,14,6.146666667
SEM1976,mg,lipid,15,6.47
SEM1976,mg,lipid,16,6.606666667
SEM1976,mg,lipid,17,8.603333333
SEM1976,mg,lipid,18,9.51
SEM1976,mg,lipid,19,10.33
SEM1976,mg,lipid,20,9.133333333
SEM1976,mg,lipid,21,9.05
SEM1976,mg,lipid,22,6.21
SEM1976,mg,lipid,23,8.396666667
SEM1976,mg,lipid,24,7.526666667
SEM1976,mg,lipid,25,7.06
SEM1976,mg,lipid,26,6.743333333
SEM1976,mg,lipid,27,8.46
SEM1976,mg,lipid,28,6.84
209,mg,lipid,-7,7.186666667
209,mg,lipid,-6,8.156666667
209,mg,lipid,-5,8.173333333
209,mg,lipid,-4,9.173333333
209,mg,lipid,-3,9.603333333
209,mg,lipid,-2,6.993333333
209,mg,lipid,-1,9.426666667
209,mg,lipid,1,9.553333333
209,mg,lipid,2,5.87
209,mg,lipid,3,4.916666667
209,mg,lipid,4,5.03
209,mg,lipid,5,3.616666667
209,mg,lipid,6,4.393333333
209,mg,lipid,7,3.44
209,mg,lipid,8,4.893333333
209,mg,lipid,9,5.363333333
209,mg,lipid,10,8.283333333
209,mg,lipid,11,6.646666667
209,mg,lipid,12,6.03
209,mg,lipid,13,6.656666667
209,mg,lipid,14,6.536666667
209,mg,lipid,15,4.98
209,mg,lipid,16,4.926666667
209,mg,lipid,17,5.523333333
209,mg,lipid,18,4.46
209,mg,lipid,19,4.66
209,mg,lipid,20,5.713333333
209,mg,lipid,21,6.1
209,mg,lipid,22,4.58
209,mg,lipid,23,4.426666667
209,mg,lipid,24,6.696666667
209,mg,lipid,25,5.51
209,mg,lipid,26,6.953333333
209,mg,lipid,27,6.41
209,mg,lipid,28,6.12
LD19239,mg,lipid,-7,13.59666667
LD19239,mg,lipid,-6,13.35666667
LD19239,mg,lipid,-5,12.21333333
LD19239,mg,lipid,-4,14.10333333
LD19239,mg,lipid,-3,13.85333333
LD19239,mg,lipid,-2,10.62333333
LD19239,mg,lipid,-1,11.41666667
LD19239,mg,lipid,1,12.94333333
LD19239,mg,lipid,2,11.38
LD19239,mg,lipid,3,9.986666667
LD19239,mg,lipid,4,9.33
LD19239,mg,lipid,5,7.366666667
LD19239,mg,lipid,6,7.053333333
LD19239,mg,lipid,7,8.29
LD19239,mg,lipid,8,10.36333333
LD19239,mg,lipid,9,8.333333333
LD19239,mg,lipid,10,15.19333333
LD19239,mg,lipid,11,10.97666667
LD19239,mg,lipid,12,12.79
LD19239,mg,lipid,13,11.23666667
LD19239,mg,lipid,14,10.77666667
LD19239,mg,lipid,15,4.98
LD19239,mg,lipid,16,4.926666667
LD19239,mg,lipid,17,5.523333333
LD19239,mg,lipid,18,4.46
LD19239,mg,lipid,19,4.66
LD19239,mg,lipid,20,5.713333333
LD19239,mg,lipid,21,6.1
LD19239,mg,lipid,22,4.58
LD19239,mg,lipid,23,4.426666667
LD19239,mg,lipid,24,6.696666667
LD19239,mg,lipid,25,5.51
LD19239,mg,lipid,26,6.953333333
LD19239,mg,lipid,27,6.41
LD19239,mg,lipid,28,6.12
Blue031,mg,lipid,-7,2.48
Blue031,mg,lipid,-6,3.313333333
Blue031,mg,lipid,-5,4.936666667
Blue031,mg,lipid,-4,2.85
Blue031,mg,lipid,-3,2.83
Blue031,mg,lipid,-2,6.103333333
Blue031,mg,lipid,-1,3.853333333
Blue031,mg,lipid,1,1.796666667
Blue031,mg,lipid,2,0.11
Blue031,mg,lipid,3,2.236666667
Blue031,mg,lipid,4,3.566666667
Blue031,mg,lipid,5,3.43
Blue031,mg,lipid,6,2.316666667
Blue031,mg,lipid,7,3.683333333
Blue031,mg,lipid,8,4.723333333
Blue031,mg,lipid,9,3.846666667
Blue031,mg,lipid,10,6.446666667
Blue031,mg,lipid,11,3.403333333
Blue031,mg,lipid,12,3.953333333
Blue031,mg,lipid,13,6.55
Blue031,mg,lipid,14,6.203333333
Blue031,mg,lipid,15,7.07
Blue031,mg,lipid,16,4.863333333
Blue031,mg,lipid,17,4.96
Blue031,mg,lipid,18,4.616666667
Blue031,mg,lipid,19,7.733333333
Blue031,mg,lipid,20,3.296666667
Blue031,mg,lipid,21,4.016666667
Blue031,mg,lipid,22,2.063333333
Blue031,mg,lipid,23,2.153333333
Blue031,mg,lipid,24,2.626666667
Blue031,mg,lipid,25,5.57
Blue031,mg,lipid,26,4.473333333
Blue031,mg,lipid,27,3.596666667
Blue031,mg,lipid,28,4.45
Blue055,mg,lipid,-7,4.88
Blue055,mg,lipid,-6,10.39333333
Blue055,mg,lipid,-5,6.186666667
Blue055,mg,lipid,-4,4.32
Blue055,mg,lipid,-3,4.4
Blue055,mg,lipid,-2,5.823333333
Blue055,mg,lipid,-1,3.673333333
Blue055,mg,lipid,1,1.286666667
Blue055,mg,lipid,2,0.25
Blue055,mg,lipid,3,4.136666667
Blue055,mg,lipid,4,2.236666667
Blue055,mg,lipid,5,0.15
Blue055,mg,lipid,6,0.236666667
Blue055,mg,lipid,7,2.143333333
Blue055,mg,lipid,8,4.573333333
Blue055,mg,lipid,9,2.046666667
Blue055,mg,lipid,10,3.526666667
Blue055,mg,lipid,11,2.333333333
Blue055,mg,lipid,12,2.913333333
Blue055,mg,lipid,13,5.49
Blue055,mg,lipid,14,5.733333333
Blue055,mg,lipid,15,5.05
Blue055,mg,lipid,16,4.883333333
Blue055,mg,lipid,17,4.48
Blue055,mg,lipid,18,3.356666667
Orange027,mg,lipid,-7,6.656666667
Orange027,mg,lipid,-6,8.476666667
Orange027,mg,lipid,-5,8.293333333
Orange027,mg,lipid,-4,8.243333333
Orange027,mg,lipid,-3,8.543333333
Orange027,mg,lipid,-2,7.413333333
Orange027,mg,lipid,-1,5.816666667
Orange027,mg,lipid,1,9.833333333
Orange027,mg,lipid,2,11.18
Orange027,mg,lipid,3,11.89666667
Orange027,mg,lipid,4,10.45
Orange027,mg,lipid,5,11.03666667
Orange027,mg,lipid,6,8.503333333
Orange027,mg,lipid,7,7.34
Orange027,mg,lipid,8,5.663333333
Orange027,mg,lipid,9,6.293333333
Orange027,mg,lipid,10,7.993333333
Orange027,mg,lipid,11,5.746666667
AR1721 ,mg,lipid,-7,5.626666667
AR1721 ,mg,lipid,-6,6.676666667
AR1721 ,mg,lipid,-5,8.773333333
AR1721 ,mg,lipid,-4,8.783333333
AR1721 ,mg,lipid,-3,9.533333333
AR1721 ,mg,lipid,-2,7.863333333
AR1721 ,mg,lipid,-1,7.416666667
AR1721 ,mg,lipid,1,4.453333333
AR1721 ,mg,lipid,2,3.77
AR1721 ,mg,lipid,3,3.376666667
AR1721 ,mg,lipid,4,3.87
AR1721 ,mg,lipid,5,4.596666667
AR1721 ,mg,lipid,6,6.593333333
AR1721 ,mg,lipid,7,6.85
AR1721 ,mg,lipid,8,8.643333333
AR1721 ,mg,lipid,9,5.963333333
AR1721 ,mg,lipid,10,7.183333333
AR1721 ,mg,lipid,11,6.126666667
AR1721 ,mg,lipid,12,7.99
AR1721 ,mg,lipid,13,7.336666667
AR1721 ,mg,lipid,14,6.316666667
AR1721 ,mg,lipid,15,5.72
AR1721 ,mg,lipid,16,7.756666667
AR1721 ,mg,lipid,17,4.093333333
AR1721 ,mg,lipid,18,4.59
AR1721 ,mg,lipid,19,3.79
AR1721 ,mg,lipid,20,5.813333333
AR1721 ,mg,lipid,21,4.21
AR1721 ,mg,lipid,22,5.92
AR1721 ,mg,lipid,23,5.636666667
AR1721 ,mg,lipid,24,7.166666667
AR1721 ,mg,lipid,25,6.66
AR1721 ,mg,lipid,26,6.113333333
AR1721 ,mg,lipid,27,8.65
AR1721 ,mg,lipid,28,8.61
48,control,lipid,-7,2.36212963
48,control,lipid,-6,1.13212963
48,control,lipid,-5,0.77212963
48,control,lipid,-4,-0.00787037
48,control,lipid,-3,1.81212963
48,control,lipid,-2,4.36
48,control,lipid,-1,3.376666667
48,control,lipid,1,5.906666667
48,control,lipid,2,4.746666667
48,control,lipid,3,5.043333333
48,control,lipid,4,5.64
48,control,lipid,5,5.97
48,control,lipid,6,4.366666667
48,control,lipid,7,6.65
48,control,lipid,8,5.356666667
48,control,lipid,9,4.03
48,control,lipid,10,3.45
48,control,lipid,11,5.58
48,control,lipid,12,4.47
48,control,lipid,13,3.753333333
48,control,lipid,14,4.973333333
48,control,lipid,15,5.19
48,control,lipid,16,4.99
48,control,lipid,17,4.313333333
48,control,lipid,18,4.826666667
48,control,lipid,19,5.05
48,control,lipid,20,3.566666667
48,control,lipid,21,4.673333333
48,control,lipid,22,5.256666667
48,control,lipid,23,6.49
48,control,lipid,24,4.07
48,control,lipid,25,7.876666667
48,control,lipid,26,6.61
48,control,lipid,27,6.806666667
48,control,lipid,28,8.356666667
Blue039,control,lipid,-7,3.37
Blue039,control,lipid,-6,3.113333333
Blue039,control,lipid,-5,4.346666667
Blue039,control,lipid,-4,2.27
Blue039,control,lipid,-3,3.2
Blue039,control,lipid,-2,5.223333333
Blue039,control,lipid,-1,4.373333333
Blue039,control,lipid,1,1.126666667
Blue039,control,lipid,2,0.01
Blue039,control,lipid,3,1.996666667
Blue039,control,lipid,4,2.096666667
Blue039,control,lipid,5,1.86
Blue039,control,lipid,6,2.436666667
Blue039,control,lipid,7,2.663333333
Blue039,control,lipid,8,4.773333333
Blue039,control,lipid,9,2.216666667
Blue039,control,lipid,10,2.926666667
Blue039,control,lipid,11,1.573333333
Blue039,control,lipid,12,2.833333333
Blue039,control,lipid,13,3.64
Blue039,control,lipid,14,3.873333333
Blue039,control,lipid,15,5.03
Blue039,control,lipid,16,0.483333333
Blue039,control,lipid,17,0.54
Blue039,control,lipid,18,0.546666667
Blue039,control,lipid,19,1.503333333
Blue039,control,lipid,20,2.186666667
Blue039,control,lipid,21,2.976666667
Blue039,control,lipid,22,3.633333333
Blue039,control,lipid,23,2.333333333
Blue039,control,lipid,24,2.326666667
Blue039,control,lipid,25,3.89
Blue039,control,lipid,26,5.213333333
Blue039,control,lipid,27,4.356666667
Blue039,control,lipid,28,2.95
Blue098,control,lipid,-7,5.833333333
Blue098,control,lipid,-6,5.006666667
Blue098,control,lipid,-5,2.34
Blue098,control,lipid,-4,4.796666667
Blue098,control,lipid,-3,5.356666667
Blue098,control,lipid,-2,3.69
Blue098,control,lipid,-1,2.696666667
Blue098,control,lipid,1,5.113333333
Blue098,control,lipid,2,4.916666667
Blue098,control,lipid,3,3.406666667
Blue098,control,lipid,4,4.313333333
Blue098,control,lipid,5,5.663333333
Blue098,control,lipid,6,4.38
Blue098,control,lipid,7,5.623333333
Blue098,control,lipid,8,3.75
Blue098,control,lipid,9,3.543333333
Blue098,control,lipid,10,3.49
Blue098,control,lipid,11,4.186666667
Blue098,control,lipid,12,4.173333333
Blue098,control,lipid,13,5.146666667
Blue098,control,lipid,14,3.226666667
Blue098,control,lipid,15,4.253333333
Blue098,control,lipid,16,5.773333333
Blue098,control,lipid,17,4.416666667
Blue098,control,lipid,18,7.36
Blue098,control,lipid,19,6.323333333
Blue098,control,lipid,20,5.846666667
Blue098,control,lipid,21,4.81
Blue098,control,lipid,22,4.66
Blue098,control,lipid,23,3.336666667
Blue098,control,lipid,24,3.496666667
Blue098,control,lipid,25,4.656666667
Blue098,control,lipid,26,4.61
Blue098,control,lipid,27,4.413333333
Blue098,control,lipid,28,7.276666667
618,control,lipid,-7,3.28
618,control,lipid,-6,3.883333333
618,control,lipid,-5,2.02
618,control,lipid,-4,3.223333333
618,control,lipid,-3,3.91
618,control,lipid,-2,2.516666667
618,control,lipid,-1,5.783333333
618,control,lipid,1,1.336666667
618,control,lipid,2,1.483333333
618,control,lipid,3,5.593333333
618,control,lipid,4,6.866666667
618,control,lipid,5,8.06
618,control,lipid,6,4.983333333
618,control,lipid,7,5.986666667
618,control,lipid,8,5.47
618,control,lipid,9,5.096666667
618,control,lipid,10,2.616666667
618,control,lipid,11,2.466666667
618,control,lipid,12,5.48
618,control,lipid,13,4.313333333
618,control,lipid,14,5.906666667
618,control,lipid,15,5.643333333
618,control,lipid,16,4.096666667
618,control,lipid,17,5.883333333
618,control,lipid,18,5.39
618,control,lipid,19,4.956666667
618,control,lipid,20,4.266666667
618,control,lipid,21,4.793333333
618,control,lipid,22,1.973333333
618,control,lipid,23,2.94
618,control,lipid,24,3.89
618,control,lipid,25,5.876666667
618,control,lipid,26,6.036666667
618,control,lipid,27,8.983333333
618,control,lipid,28,6.503333333
Blue047,control,lipid,-7,6.17
Blue047,control,lipid,-6,6.043333333
Blue047,control,lipid,-5,3.17
Blue047,control,lipid,-4,3.933333333
Blue047,control,lipid,-3,7.06
Blue047,control,lipid,-2,4.366666667
Blue047,control,lipid,-1,7.833333333
Blue047,control,lipid,1,4.966666667
Blue047,control,lipid,2,5.943333333
Blue047,control,lipid,3,5.413333333
Blue047,control,lipid,4,7.686666667
Blue047,control,lipid,5,6.69
Blue047,control,lipid,6,6.233333333
Blue047,control,lipid,7,6.186666667
Blue047,control,lipid,8,4.42
Blue047,control,lipid,9,5.606666667
Blue047,control,lipid,10,3.916666667
Blue047,control,lipid,11,4.106666667
Blue047,control,lipid,12,6.48
Blue047,control,lipid,13,5.693333333
Blue047,control,lipid,14,10.49666667
Blue047,control,lipid,15,5.593333333
Blue047,control,lipid,16,4.166666667
Blue047,control,lipid,17,5.253333333
Blue047,control,lipid,18,6.52
Blue047,control,lipid,19,3.696666667
Blue047,control,lipid,20,5.606666667
Blue047,control,lipid,21,4.533333333
Blue047,control,lipid,22,3.743333333
Blue047,control,lipid,23,3.9
Blue047,control,lipid,24,4.85
Blue047,control,lipid,25,6.646666667
Blue047,control,lipid,26,5.726666667
Blue047,control,lipid,27,6.323333333
Blue047,control,lipid,28,8.023333333
Blue010,control,lipid,-7,12.96666667
Blue010,control,lipid,-6,12.63666667
Blue010,control,lipid,-5,11.14333333
Blue010,control,lipid,-4,11.74333333
Blue010,control,lipid,-3,12.24333333
Blue010,control,lipid,-2,11.05333333
Blue010,control,lipid,-1,12.30666667
Blue010,control,lipid,1,12.50333333
Blue010,control,lipid,2,11.76
Blue010,control,lipid,3,11.73666667
Blue010,control,lipid,4,13.15
Blue010,control,lipid,5,13.87666667
Blue010,control,lipid,6,12.90333333
Blue010,control,lipid,7,11.15
Blue010,control,lipid,8,13.95333333
Blue010,control,lipid,9,12.88333333
Blue010,control,lipid,10,14.81333333
Blue010,control,lipid,11,15.39666667
Blue010,control,lipid,12,14.94
Blue010,control,lipid,13,12.04666667
Blue010,control,lipid,14,9.646666667
Blue010,control,lipid,15,10.74
Blue010,control,lipid,16,11.43666667
Blue010,control,lipid,17,13.29333333
Blue010,control,lipid,18,13.08
Blue010,control,lipid,19,12.87
Blue010,control,lipid,20,13.41333333
Blue010,control,lipid,21,13.47
Blue010,control,lipid,22,12.47
Blue010,control,lipid,23,12.36666667
Blue010,control,lipid,24,13.89666667
Blue010,control,lipid,25,11.76
Blue010,control,lipid,26,12.37333333
Blue010,control,lipid,27,12.55
Blue010,control,lipid,28,12.51
Blue050,control,lipid,-7,4.496666667
Blue050,control,lipid,-6,5.326666667
Blue050,control,lipid,-5,4.763333333
Blue050,control,lipid,-4,4.313333333
Blue050,control,lipid,-3,6.123333333
Blue050,control,lipid,-2,4.393333333
Blue050,control,lipid,-1,3.696666667
Blue050,control,lipid,1,2.933333333
Blue050,control,lipid,2,2.41
Blue050,control,lipid,3,4.096666667
Blue050,control,lipid,4,4.55
Blue050,control,lipid,5,4.606666667
Blue050,control,lipid,6,2.803333333
Blue050,control,lipid,7,2.25
Blue050,control,lipid,8,2.973333333
Blue050,control,lipid,9,3.703333333
Blue050,control,lipid,10,5.513333333
Blue050,control,lipid,11,5.396666667
Blue050,control,lipid,12,7.52
Blue050,control,lipid,13,5.926666667
Blue050,control,lipid,14,3.946666667
Blue050,control,lipid,15,3.23
Blue050,control,lipid,16,3.686666667
Blue050,control,lipid,17,4.453333333
Blue050,control,lipid,18,4.48
Blue050,control,lipid,19,5.15
Blue050,control,lipid,20,5.023333333
Blue050,control,lipid,21,5.36
Blue050,control,lipid,22,5.25
Blue050,control,lipid,23,5.326666667
Blue050,control,lipid,24,6.546666667
Blue050,control,lipid,25,5.06
Blue050,control,lipid,26,4.613333333
Blue050,control,lipid,27,4.56
Blue050,control,lipid,28,4.15
SEM19140,control,lipid,-7,6.436666667
SEM19140,control,lipid,-6,7.316666667
SEM19140,control,lipid,-5,6.803333333
SEM19140,control,lipid,-4,7.343333333
SEM19140,control,lipid,-3,8.473333333
SEM19140,control,lipid,-2,7.113333333
SEM19140,control,lipid,-1,6.586666667
SEM19140,control,lipid,1,7.143333333
SEM19140,control,lipid,2,5.31
SEM19140,control,lipid,3,6.536666667
SEM19140,control,lipid,4,6.7
SEM19140,control,lipid,5,6.116666667
SEM19140,control,lipid,6,4.933333333
SEM19140,control,lipid,7,5.08
SEM19140,control,lipid,8,5.543333333
SEM19140,control,lipid,9,5.343333333
SEM19140,control,lipid,10,7.683333333
SEM19140,control,lipid,11,6.316666667
SEM19140,control,lipid,12,6.56
SEM19140,control,lipid,13,7.616666667
SEM19140,control,lipid,14,5.946666667
SEM19140,control,lipid,15,4.77
SEM19140,control,lipid,16,4.776666667
SEM19140,control,lipid,17,4.743333333
SEM19140,control,lipid,18,5.75
SEM19140,control,lipid,19,6.23
SEM19140,control,lipid,20,6.953333333
SEM19140,control,lipid,21,5.94
SEM19140,control,lipid,22,5.25
SEM19140,control,lipid,23,4.346666667
SEM19140,control,lipid,24,5.636666667
SEM19140,control,lipid,25,5.34
SEM19140,control,lipid,26,5.663333333
SEM19140,control,lipid,27,4.52
SEM19140,control,lipid,28,5.87
625,control,lipid,-7,12.48666667
625,control,lipid,-6,12.31666667
625,control,lipid,-5,11.69333333
625,control,lipid,-4,11.47333333
625,control,lipid,-3,11.70333333
625,control,lipid,-2,10.08333333
625,control,lipid,-1,11.76666667
625,control,lipid,1,10.64333333
625,control,lipid,2,11.26
625,control,lipid,3,12.47666667
625,control,lipid,4,13.42
625,control,lipid,5,11.82666667
625,control,lipid,6,11.40333333
625,control,lipid,7,10.54
625,control,lipid,8,10.88333333
625,control,lipid,9,11.93333333
625,control,lipid,10,13.74333333
625,control,lipid,11,12.41666667
625,control,lipid,12,12.84
625,control,lipid,13,12.10666667
625,control,lipid,14,11.25666667
625,control,lipid,15,13.62
625,control,lipid,16,11.80666667
625,control,lipid,17,12.58333333
625,control,lipid,18,12.55
625,control,lipid,19,12.61
625,control,lipid,20,11.75333333
625,control,lipid,21,12.43
625,control,lipid,22,11.02
625,control,lipid,23,10.97666667
625,control,lipid,24,9.916666667
625,control,lipid,25,9.68
625,control,lipid,26,11.11333333
625,control,lipid,27,9.89
625,control,lipid,28,10.89